unique_id,alias,checksum,materialization,tags,meta,owner,database_name,schema_name,depends_on_macros,depends_on_nodes,description,name,package_name,original_path,path,patch_path,generated_at,metadata_hash
model.dbt_chatGPT_suggestion.int_accounts_and_groups_joined,int_accounts_and_groups_joined,f15332c0477ff7a68c564d772d350c9e32f05e4b396bf62dd5452fda0a35f34b,view,[],{},[],postgres,transformed,[],"[""model.dbt_chatGPT_suggestion.stg_accounts"", ""model.dbt_chatGPT_suggestion.stg_groups""]","",int_accounts_and_groups_joined,dbt_chatGPT_suggestion,models\intermediate\int_accounts_and_groups_joined.sql,intermediate\int_accounts_and_groups_joined.sql,,2024-03-08 10:52:44,0917a90c9ed68f4899bbdc23699721cd
model.dbt_chatGPT_suggestion.int_grouped_on_group_id,int_grouped_on_group_id,710efc34aaac77e8a1d7a83028419698396f2983d2bbb941c658c0f6480876dc,view,[],{},[],postgres,transformed,[],"[""model.dbt_chatGPT_suggestion.int_transactions_and_accounts_and_groups_joined""]","",int_grouped_on_group_id,dbt_chatGPT_suggestion,models\intermediate\int_grouped_on_group_id.sql,intermediate\int_grouped_on_group_id.sql,,2024-03-08 10:52:44,66b891d98e8b89076916538a5de865d5
model.dbt_chatGPT_suggestion.int_transactions_and_accounts_and_groups_joined,int_transactions_and_accounts_and_groups_joined,f4c57596a56c1fb6e69ecc4ce3d172e696dcff58853c139ff422a1d31226009c,view,[],{},[],postgres,transformed,[],"[""model.dbt_chatGPT_suggestion.int_accounts_and_groups_joined"", ""model.dbt_chatGPT_suggestion.int_union_of_transactions""]","",int_transactions_and_accounts_and_groups_joined,dbt_chatGPT_suggestion,models\intermediate\int_transactions_and_accounts_and_groups_joined.sql,intermediate\int_transactions_and_accounts_and_groups_joined.sql,,2024-03-08 10:52:44,51d2afce1316fefd9eccf8ad0f6da55c
model.dbt_chatGPT_suggestion.int_union_of_transactions,int_union_of_transactions,e468372af8116154d5e8f67d5953f282edc5add045effed9ae7b0a678db6697e,table,[],{},[],postgres,transformed,[],"[""model.dbt_chatGPT_suggestion.stg_transactions_1"", ""model.dbt_chatGPT_suggestion.stg_transactions_2"", ""model.dbt_chatGPT_suggestion.stg_transactions_3"", ""model.dbt_chatGPT_suggestion.stg_transactions_4""]","",int_union_of_transactions,dbt_chatGPT_suggestion,models\intermediate\int_union_of_transactions.sql,intermediate\int_union_of_transactions.sql,,2024-03-08 10:52:44,ba27433f6e24b656b36789cb18c1c0e4
model.dbt_chatGPT_suggestion.grouped_transactions_unioned_with_original,grouped_transactions_unioned_with_original,acb639e9f58729ede8f2aa604643a911d8a0d6d111a25d3701df5c8a722e55cf,table,[],{},[],postgres,transformed,[],"[""model.dbt_chatGPT_suggestion.int_grouped_on_group_id"", ""model.dbt_chatGPT_suggestion.int_transactions_and_accounts_and_groups_joined""]","",grouped_transactions_unioned_with_original,dbt_chatGPT_suggestion,models\marts\grouped_transactions_unioned_with_original.sql,marts\grouped_transactions_unioned_with_original.sql,,2024-03-08 10:52:44,63702f46956501ca96766b65692d61e6
model.dbt_chatGPT_suggestion.stg_accounts,stg_accounts,f6067f280567a35109f2b76c72083d77e28aba9731c0fcd3692190ac9d61a837,view,[],{},[],postgres,transformed,[],"[""source.dbt_chatGPT_suggestion.local_postgres.accounts""]","",stg_accounts,dbt_chatGPT_suggestion,models\staging\stg_accounts.sql,staging\stg_accounts.sql,,2024-03-08 10:52:44,374349ad999a527b61ace4b2627574c7
model.dbt_chatGPT_suggestion.stg_groups,stg_groups,c1c2b29dda55247ef53ed287a607871762045533d40a0363f4bb5a868367971c,view,[],{},[],postgres,transformed,[],"[""source.dbt_chatGPT_suggestion.local_postgres.groups""]","",stg_groups,dbt_chatGPT_suggestion,models\staging\stg_groups.sql,staging\stg_groups.sql,,2024-03-08 10:52:44,62b5fda0770ebc6f05a7ef5350651c26
model.dbt_chatGPT_suggestion.stg_transactions_1,stg_transactions_1,229241de71a3fcaf0254056b4acc4ae53549e91e4f421944c7224d34bf11e813,view,[],{},[],postgres,transformed,[],"[""source.dbt_chatGPT_suggestion.local_postgres.transactions_1""]","",stg_transactions_1,dbt_chatGPT_suggestion,models\staging\stg_transactions_1.sql,staging\stg_transactions_1.sql,,2024-03-08 10:52:44,2e5b98ad247278befe9a07a6318d5b33
model.dbt_chatGPT_suggestion.stg_transactions_2,stg_transactions_2,309da53b49bc4c1b12ea3690032bb1eeb951a632c7dbf897969722d8565108c0,view,[],{},[],postgres,transformed,[],"[""source.dbt_chatGPT_suggestion.local_postgres.transactions_2""]","",stg_transactions_2,dbt_chatGPT_suggestion,models\staging\stg_transactions_2.sql,staging\stg_transactions_2.sql,,2024-03-08 10:52:44,2b35873ef6c705174b6a35ce507ba54c
model.dbt_chatGPT_suggestion.stg_transactions_3,stg_transactions_3,a121d09d03ce4b6f437b9133066f798e9605dcb25751322a49a04ad3d15e9b3d,view,[],{},[],postgres,transformed,[],"[""source.dbt_chatGPT_suggestion.local_postgres.transactions_3""]","",stg_transactions_3,dbt_chatGPT_suggestion,models\staging\stg_transactions_3.sql,staging\stg_transactions_3.sql,,2024-03-08 10:52:44,73c806e2205761d727125349df002716
model.dbt_chatGPT_suggestion.stg_transactions_4,stg_transactions_4,a0ba30f4794562157e2bba77d06a90c8bf8d4101ee2738893a2c3ed95b8c712d,view,[],{},[],postgres,transformed,[],"[""source.dbt_chatGPT_suggestion.local_postgres.transactions_4""]","",stg_transactions_4,dbt_chatGPT_suggestion,models\staging\stg_transactions_4.sql,staging\stg_transactions_4.sql,,2024-03-08 10:52:44,dcf68b9136a7b6314d9245437644b837
model.elementary.alerts_anomaly_detection,alerts_anomaly_detection,0d2bb9c33ded81e6501643abeeacde1b21695f406b861f748923e4bd9ce0c4c8,view,[],{},[],postgres,transformed_elementary,"[""macro.elementary.get_config_var""]","[""model.elementary.elementary_test_results""]","A view that is used by the Elementary CLI to generate alerts on data anomalies detected using the elementary anomaly detection tests. The view filters alerts according to configuration.
",alerts_anomaly_detection,elementary,models\edr\alerts\alerts_anomaly_detection.sql,edr\alerts\alerts_anomaly_detection.sql,elementary://models\alerts_views.yml,2024-03-08 10:52:44,93c9967dd80976b4042ba0d33c1e345b
model.elementary.alerts_dbt_models,alerts_dbt_models,6b76b9a7b5f40ef4f9ff316fe90b4d48451442cafac243dc5abf0ac10b4c67eb,view,[],{},[],postgres,transformed_elementary,"[""macro.elementary.edr_cast_as_timestamp"", ""macro.elementary.get_config_var""]","[""model.elementary.model_run_results"", ""model.elementary.snapshot_run_results""]","A view that is used by the Elementary CLI to generate models alerts, including all the fields the alert will include such as owner, tags, error message, etc. It joins data about models and snapshots run results, and filters alerts according to configuration.
",alerts_dbt_models,elementary,models\edr\alerts\alerts_dbt_models.sql,edr\alerts\alerts_dbt_models.sql,elementary://models\alerts_views.yml,2024-03-08 10:52:44,f3a9bbed17a3e14d8415754f0f5bae2c
model.elementary.alerts_dbt_source_freshness,alerts_dbt_source_freshness,59b6900cf93ce1ac9e61f07c3358a21aecda80b7980e55e4387c80ea3463f012,view,[],{},[],postgres,transformed_elementary,"[""macro.elementary.edr_cast_as_timestamp"", ""macro.elementary.get_config_var""]","[""model.elementary.dbt_source_freshness_results"", ""model.elementary.dbt_sources""]","",alerts_dbt_source_freshness,elementary,models\edr\alerts\alerts_dbt_source_freshness.sql,edr\alerts\alerts_dbt_source_freshness.sql,,2024-03-08 10:52:44,a9eb319ff02442c7267c87175ec3868e
model.view_selection_tool.int_referenced_models,int_referenced_models,8faacbff3c314481039aa44c4a21fc4881311103e7791ca34dcb0c26fbdd7d43,view,[],{},[],postgres,transformed_view_selection_tool,[],"[""model.view_selection_tool.int_keep_models_relevant_package""]","",int_referenced_models,view_selection_tool,models\intermediate\int_referenced_models.sql,intermediate\int_referenced_models.sql,,2024-03-08 10:52:44,b9e6ea9b181dde30dd1e702a853e46e4
model.elementary.alerts_dbt_tests,alerts_dbt_tests,d15f2b4a7ade165ad09b2b9f6d143d9d47ab0f080b2de5dce1c6fae9e30375ba,view,[],{},[],postgres,transformed_elementary,"[""macro.elementary.get_config_var""]","[""model.elementary.elementary_test_results""]","A view that is used by the Elementary CLI to generate dbt tests alerts, including all the fields the alert will include such as owner, tags, error message, etc. This view includes data about all dbt tests except elementary tests. It filters alerts according to configuration.
",alerts_dbt_tests,elementary,models\edr\alerts\alerts_dbt_tests.sql,edr\alerts\alerts_dbt_tests.sql,elementary://models\alerts_views.yml,2024-03-08 10:52:44,097dd00b8e63f82e860bb6741e28d7d7
model.elementary.alerts_schema_changes,alerts_schema_changes,bad7007c54d8885efe0496bd6289998cfed84a250ada4899fb8e53765236db0b,view,[],{},[],postgres,transformed_elementary,"[""macro.elementary.get_config_var""]","[""model.elementary.elementary_test_results""]",A view that is used by the Elementary CLI to generate alerts on schema changes detected using elementary tests. The view filters alerts according to configuration.,alerts_schema_changes,elementary,models\edr\alerts\alerts_schema_changes.sql,edr\alerts\alerts_schema_changes.sql,elementary://models\alerts_views.yml,2024-03-08 10:52:44,a5e86c6f1582d8cfe092f540fc3fcb6c
model.elementary.anomaly_threshold_sensitivity,anomaly_threshold_sensitivity,b0e4310abc62902b98a6ad6fd465713d5aeb5e884b52594e8a1b2ff6429b1b2d,view,[],{},[],postgres,transformed_elementary,"[""macro.elementary.edr_quote_column""]","[""model.elementary.metrics_anomaly_score""]","This is a view on `metrics_anomaly_score` that calculates if values of metrics from latest runs would have been considered anomalies in different anomaly scores. This can help you decide if there is a need to adjust the `anomaly_score_threshold`.
",anomaly_threshold_sensitivity,elementary,models\edr\data_monitoring\anomaly_detection\anomaly_threshold_sensitivity.sql,edr\data_monitoring\anomaly_detection\anomaly_threshold_sensitivity.sql,elementary://models\elementary_tests.yml,2024-03-08 10:52:44,67fe5c6c1573d17357025ae46602b0b8
model.elementary.metrics_anomaly_score,metrics_anomaly_score,3c24ecb37454bb7fc0cd30ea889676be6759d558716df6e99b8306eee4feab4f,view,[],{},[],postgres,transformed_elementary,"[""macro.dbt_utils.group_by"", ""macro.elementary.edr_current_timestamp"", ""macro.elementary.edr_date_trunc"", ""macro.elementary.edr_timeadd"", ""macro.elementary.get_config_var""]","[""model.elementary.data_monitoring_metrics""]","This is a view on `data_monitoring_metrics` that runs the same query the anomaly detection tests run to calculate anomaly scores. The purpose of this view is to provide visibility to the results of anomaly detection tests.
",metrics_anomaly_score,elementary,models\edr\data_monitoring\anomaly_detection\metrics_anomaly_score.sql,edr\data_monitoring\anomaly_detection\metrics_anomaly_score.sql,elementary://models\elementary_tests.yml,2024-03-08 10:52:44,02f96e78656e96bc5fee6cd5f5692af6
model.elementary.snapshot_run_results,snapshot_run_results,1b4464b5d2043628e6ca2f1b435220ef0d577a48eecfc07b5ea5657e69c55b02,view,[],{},[],postgres,transformed_elementary,[],"[""model.elementary.dbt_run_results"", ""model.elementary.dbt_snapshots""]","Run results of dbt snapshots, enriched with snapshots metadata. Each row is the result of a single snapshot. This is a view that joins data from `dbt_run_results` and `dbt_snapshots`.
",snapshot_run_results,elementary,models\edr\run_results\snapshot_run_results.sql,edr\run_results\snapshot_run_results.sql,elementary://models\run_results.yml,2024-03-08 10:52:44,71b1188655e3ea55768313bcb504ccdc
model.elementary.data_monitoring_metrics,data_monitoring_metrics,0c19743330c3a4220c42f142eaf58cb571aef26ab24ea27070f3eeb9e3cc925c,incremental,[],"{""timestamp_column"": ""created_at"", ""prev_timestamp_column"": ""updated_at""}",[],postgres,transformed_elementary,"[""macro.elementary.empty_data_monitoring_metrics"", ""macro.elementary.get_config_var"", ""macro.elementary.get_default_incremental_strategy"", ""macro.elementary.get_default_table_type""]",[],"Elementary anomaly detection tests monitor metrics such as volume, freshness and data quality metrics. This incremental table is used to store the metrics over time. On each anomaly detection test, the test queries this table for historical metrics, and compares to the latest values. The table is updated with new metrics on the on-run-end named handle_test_results that is executed at the end of dbt test invocations.
",data_monitoring_metrics,elementary,models\edr\data_monitoring\data_monitoring\data_monitoring_metrics.sql,edr\data_monitoring\data_monitoring\data_monitoring_metrics.sql,elementary://models\elementary_tests.yml,2024-03-08 10:52:44,646141826d7042aee0e2a1ac2f914166
model.elementary.schema_columns_snapshot,schema_columns_snapshot,91a98d3190bef02e47f763520b5443197e120ceb132a86b1d90608ca30c33374,incremental,[],"{""timestamp_column"": ""created_at"", ""prev_timestamp_column"": ""detected_at""}",[],postgres,transformed_elementary,"[""macro.elementary.empty_schema_columns_snapshot"", ""macro.elementary.get_config_var"", ""macro.elementary.get_default_incremental_strategy"", ""macro.elementary.get_default_table_type""]",[],"Stores the schema details for tables that are monitored with elementary schema changes test. In order to compare current schema to previous state, we must store the previous state. The data is from a view that queries the data warehouse information schema. This is an incremental table.",schema_columns_snapshot,elementary,models\edr\data_monitoring\schema_changes\schema_columns_snapshot.sql,edr\data_monitoring\schema_changes\schema_columns_snapshot.sql,elementary://models\elementary_tests.yml,2024-03-08 10:52:44,bb8775f2d3d282c3a08560f71b773759
model.elementary.dbt_artifacts_hashes,dbt_artifacts_hashes,830e8b8053c5f914ccc03c0fde90786590b17ce0c736a1b91d1d48c57f22a8ed,view,[],{},[],postgres,transformed_elementary,[],"[""model.elementary.dbt_columns"", ""model.elementary.dbt_exposures"", ""model.elementary.dbt_metrics"", ""model.elementary.dbt_models"", ""model.elementary.dbt_seeds"", ""model.elementary.dbt_snapshots"", ""model.elementary.dbt_sources"", ""model.elementary.dbt_tests""]","",dbt_artifacts_hashes,elementary,models\edr\dbt_artifacts\dbt_artifacts_hashes.sql,edr\dbt_artifacts\dbt_artifacts_hashes.sql,,2024-03-08 10:52:44,5f1a76a4c7b2cd4445c308e09ed90ddb
model.elementary.dbt_columns,dbt_columns,b8a1cdacc7886a9dc3c8595a28fe850e1c39090ca6da04e3431b6549b986dc99,incremental,[],{},[],postgres,transformed_elementary,"[""macro.elementary.get_config_var"", ""macro.elementary.get_dbt_columns_empty_table_query"", ""macro.elementary.get_default_incremental_strategy"", ""macro.elementary.get_default_table_type"", ""macro.elementary.upload_dbt_columns""]",[],"",dbt_columns,elementary,models\edr\dbt_artifacts\dbt_columns.sql,edr\dbt_artifacts\dbt_columns.sql,,2024-03-08 10:52:44,5861e2000287c140e1537f0b5c922349
model.elementary.dbt_exposures,dbt_exposures,11693171043651333132be14894b4b7acad2ce7f09dea0ae0f722cf7d2417bb0,incremental,[],{},[],postgres,transformed_elementary,"[""macro.elementary.get_config_var"", ""macro.elementary.get_dbt_exposures_empty_table_query"", ""macro.elementary.get_default_incremental_strategy"", ""macro.elementary.get_default_table_type"", ""macro.elementary.upload_dbt_exposures""]",[],"Metadata about exposures in the project, including configuration and properties from the dbt graph. Each row contains information about a single exposure. Data is loaded every time this model is executed. It is recommended to execute the model every time a change is merged to the project.
",dbt_exposures,elementary,models\edr\dbt_artifacts\dbt_exposures.sql,edr\dbt_artifacts\dbt_exposures.sql,elementary://models\dbt_artifacts.yml,2024-03-08 10:52:44,159f719b17b399e9388b88676f8eecb7
model.view_selection_tool.all_models_plus_code,all_models_plus_code,7de3932f7adbf0970e6925bb818f981db7656cb68af439f09807d4cd104558b0,table,[],{},[],postgres,transformed_view_selection_tool,[],"[""model.view_selection_tool.int_join_with_run_results""]","",all_models_plus_code,view_selection_tool,models\marts\all_models_plus_code.sql,marts\all_models_plus_code.sql,,2024-03-08 10:52:44,787cb4d047c32d04f6b9230667027c2a
model.elementary.dbt_invocations,dbt_invocations,6ec0cb09a0a3991db91ebd8a52625cc508faa4aac958138022aeaa3abb960755,incremental,[],"{""timestamp_column"": ""created_at"", ""prev_timestamp_column"": ""generated_at""}",[],postgres,transformed_elementary,"[""macro.elementary.get_config_var"", ""macro.elementary.get_dbt_invocations_empty_table_query"", ""macro.elementary.get_default_incremental_strategy"", ""macro.elementary.get_default_table_type""]",[],"Attributes associated with each dbt invocation. Inserted at the end of each invocation.
",dbt_invocations,elementary,models\edr\dbt_artifacts\dbt_invocations.sql,edr\dbt_artifacts\dbt_invocations.sql,elementary://models\run_results.yml,2024-03-08 10:52:44,799fed152e711bd05065e1c37c295efa
model.elementary.dbt_metrics,dbt_metrics,86136f6682874137b3f9277098edf419c918548c440e1cd03c29f930d13d6dca,incremental,[],{},[],postgres,transformed_elementary,"[""macro.elementary.get_config_var"", ""macro.elementary.get_dbt_metrics_empty_table_query"", ""macro.elementary.get_default_incremental_strategy"", ""macro.elementary.get_default_table_type"", ""macro.elementary.upload_dbt_metrics""]",[],"Metadata about metrics in the project, including configuration and properties from the dbt graph. Each row contains information about a single metric. Data is loaded every time this model is executed. It is recommended to execute the model every time a change is merged to the project.
",dbt_metrics,elementary,models\edr\dbt_artifacts\dbt_metrics.sql,edr\dbt_artifacts\dbt_metrics.sql,elementary://models\dbt_artifacts.yml,2024-03-08 10:52:44,a2b6426017ef8a3514acb02fdba2bc44
model.elementary.dbt_models,dbt_models,3b137ff6fc5007c98c2cce8c57010d5a8386ed4f9d217b08506e9106ab9168fd,incremental,[],{},[],postgres,transformed_elementary,"[""macro.elementary.get_config_var"", ""macro.elementary.get_dbt_models_empty_table_query"", ""macro.elementary.get_default_incremental_strategy"", ""macro.elementary.get_default_table_type"", ""macro.elementary.upload_dbt_models""]",[],"Metadata about models in the project, including configuration and properties from the dbt graph. Each row contains information about a single model. Data is loaded every time this model is executed. It is recommended to execute the model every time a change is merged to the project.
",dbt_models,elementary,models\edr\dbt_artifacts\dbt_models.sql,edr\dbt_artifacts\dbt_models.sql,elementary://models\dbt_artifacts.yml,2024-03-08 10:52:44,45d79c1966a899e12adf9c75f0af3564
model.elementary.model_run_results,model_run_results,99fba47e42516fbdc31e2546f687e3f780f21eaa5ac303e1ed22d23262ac5ec9,view,[],{},[],postgres,transformed_elementary,"[""macro.elementary.edr_time_trunc""]","[""model.elementary.dbt_models"", ""model.elementary.dbt_run_results""]","Run results of dbt models, enriched with models metadata. Each row is the result of a single model. This is a view that joins data from `dbt_run_results` and `dbt_models`.
",model_run_results,elementary,models\edr\run_results\model_run_results.sql,edr\run_results\model_run_results.sql,elementary://models\run_results.yml,2024-03-08 10:52:44,7dd80f7f7c48983103e2a1511b413f6d
model.elementary.dbt_run_results,dbt_run_results,9b2317042e53c953bc3839ef18c3e197d2c347ece4d5968731093dd324b349c5,incremental,[],"{""deprecated_columns"": [{""name"": ""compiled_sql"", ""data_type"": ""string"", ""description"": ""The compiled SQL executed against the database.""}], ""dedup_by_column"": ""model_execution_id"", ""timestamp_column"": ""created_at"", ""prev_timestamp_column"": ""generated_at""}",[],postgres,transformed_elementary,"[""macro.elementary.get_config_var"", ""macro.elementary.get_dbt_run_results_empty_table_query"", ""macro.elementary.get_default_incremental_strategy"", ""macro.elementary.get_default_table_type""]",[],"Run results of dbt invocations, inserted at the end of each invocation. Each row is the invocation result of a single resource (model, test, snapshot, etc). New data is loaded to this model on an on-run-end hook named 'elementary.upload_run_results' from each invocation that produces a result object. This is an incremental model.
",dbt_run_results,elementary,models\edr\dbt_artifacts\dbt_run_results.sql,edr\dbt_artifacts\dbt_run_results.sql,elementary://models\run_results.yml,2024-03-08 10:52:44,3c89cb1455663bbaec32a8d0905580bb
model.elementary.dbt_seeds,dbt_seeds,e768cbfb8ca753297d627bc51d661b4d4278e48650f9479d6a64431cb291a551,incremental,[],{},[],postgres,transformed_elementary,"[""macro.elementary.get_config_var"", ""macro.elementary.get_dbt_seeds_empty_table_query"", ""macro.elementary.get_default_incremental_strategy"", ""macro.elementary.get_default_table_type"", ""macro.elementary.upload_dbt_seeds""]",[],"",dbt_seeds,elementary,models\edr\dbt_artifacts\dbt_seeds.sql,edr\dbt_artifacts\dbt_seeds.sql,,2024-03-08 10:52:44,fcff5a912bbba5295f87f5b970035032
model.elementary.dbt_snapshots,dbt_snapshots,84129810bfd9a5181f3d1552ba85143966cd16d64b9fc9169c1b089eab0c6ac2,incremental,[],{},[],postgres,transformed_elementary,"[""macro.elementary.get_config_var"", ""macro.elementary.get_dbt_models_empty_table_query"", ""macro.elementary.get_default_incremental_strategy"", ""macro.elementary.get_default_table_type"", ""macro.elementary.upload_dbt_snapshots""]",[],"Metadata about snapshots in the project, including configuration and properties from the dbt graph. Each row contains information about a single snapshot. Data is loaded every time this model is executed. It is recommended to execute the model every time a change is merged to the project.
",dbt_snapshots,elementary,models\edr\dbt_artifacts\dbt_snapshots.sql,edr\dbt_artifacts\dbt_snapshots.sql,elementary://models\dbt_artifacts.yml,2024-03-08 10:52:44,3359711b4584a599dfdd16f6593e2ccc
model.elementary.dbt_sources,dbt_sources,1abd5241398ed596cf8fcf85b84a45835ae0a3e67069f00d7b519757b009cbb3,incremental,[],{},[],postgres,transformed_elementary,"[""macro.elementary.get_config_var"", ""macro.elementary.get_dbt_sources_empty_table_query"", ""macro.elementary.get_default_incremental_strategy"", ""macro.elementary.get_default_table_type"", ""macro.elementary.upload_dbt_sources""]",[],"Metadata about sources in the project, including configuration and properties from the dbt graph. Each row contains information about a single source. Data is loaded every time this model is executed. It is recommended to execute the model every time a change is merged to the project.
",dbt_sources,elementary,models\edr\dbt_artifacts\dbt_sources.sql,edr\dbt_artifacts\dbt_sources.sql,elementary://models\dbt_artifacts.yml,2024-03-08 10:52:44,319e024d7543b2d35e9a42c5bd8202c5
model.elementary.dbt_tests,dbt_tests,e3e387b5d7f7df8bdfdc358f4458dd69b8311803d989c7a0a571314bb1f1dfc2,incremental,[],{},[],postgres,transformed_elementary,"[""macro.elementary.get_config_var"", ""macro.elementary.get_dbt_tests_empty_table_query"", ""macro.elementary.get_default_incremental_strategy"", ""macro.elementary.get_default_table_type"", ""macro.elementary.upload_dbt_tests""]",[],"Metadata about tests in the project, including configuration and properties from the dbt graph. Each row contains information about a single test. Data is loaded every time this model is executed. It is recommended to execute the model every time a change is merged to the project.
",dbt_tests,elementary,models\edr\dbt_artifacts\dbt_tests.sql,edr\dbt_artifacts\dbt_tests.sql,elementary://models\dbt_artifacts.yml,2024-03-08 10:52:44,54801003d8ffc40f75f8fa4b904121ca
model.elementary.enriched_columns,enriched_columns,de13843dd09be742938fe58c752b0b44350377ea6202d8ecec71096ceb0b9a8b,view,[],{},[],postgres,transformed_elementary,[],"[""model.elementary.dbt_columns"", ""model.elementary.information_schema_columns""]","",enriched_columns,elementary,models\edr\dbt_artifacts\enriched_columns.sql,edr\dbt_artifacts\enriched_columns.sql,,2024-03-08 10:52:44,c416f855518bbac40854f6480c81c69c
model.elementary.information_schema_columns,information_schema_columns,6490e0d9234e48632239108ba3211607d83aa25720bdd3124699b360fe6745b6,view,[],{},[],postgres,transformed_elementary,"[""macro.elementary.get_information_schema_columns_materialized"", ""macro.elementary.get_information_schema_columns_query""]","[""model.elementary.dbt_models"", ""model.elementary.dbt_seeds"", ""model.elementary.dbt_snapshots"", ""model.elementary.dbt_sources""]","",information_schema_columns,elementary,models\edr\dbt_artifacts\information_schema_columns.sql,edr\dbt_artifacts\information_schema_columns.sql,,2024-03-08 10:52:44,bfaab5aa4cc5de3f5a478b51abfcf42b
model.elementary.dbt_source_freshness_results,dbt_source_freshness_results,fb063c8eb524356395464854c25d33038742ce2e0c3d4b3936ce8919a0ee27d6,incremental,[],"{""timestamp_column"": ""created_at"", ""prev_timestamp_column"": ""generated_at""}",[],postgres,transformed_elementary,"[""macro.elementary.empty_dbt_source_freshness_results"", ""macro.elementary.get_config_var"", ""macro.elementary.get_default_incremental_strategy"", ""macro.elementary.get_default_table_type""]",[],"",dbt_source_freshness_results,elementary,models\edr\run_results\dbt_source_freshness_results.sql,edr\run_results\dbt_source_freshness_results.sql,,2024-03-08 10:52:44,a87591724f6940136f04a138e4af8c9c
model.elementary.elementary_test_results,elementary_test_results,df74ce864e711c45b8f20af4d3246257f95ef0735e17d83dce220bdd80bde93a,incremental,[],"{""timestamp_column"": ""created_at"", ""prev_timestamp_column"": ""detected_at""}",[],postgres,transformed_elementary,"[""macro.elementary.empty_elementary_test_results"", ""macro.elementary.get_config_var"", ""macro.elementary.get_default_incremental_strategy"", ""macro.elementary.get_default_table_type""]",[],"Run results of all dbt tests, with fields and metadata needed to produce the Elementary report UI. Each row is the result of a single test, including native dbt tests, packages tests and elementary tests. New data is loaded to this model on an on-run-end hook named `elementary.handle_tests_results`.
",elementary_test_results,elementary,models\edr\run_results\elementary_test_results.sql,edr\run_results\elementary_test_results.sql,elementary://models\run_results.yml,2024-03-08 10:52:44,e6bcba9e5c57a08a7ff051123eecec03
model.elementary.job_run_results,job_run_results,70fa0f75184f074237575d1146a8caf3048d0d0300a5da5013b7a88f137bc810,view,[],{},[],postgres,transformed_elementary,"[""macro.elementary.edr_cast_as_timestamp"", ""macro.elementary.timediff""]","[""model.elementary.dbt_invocations""]","Run results of dbt invocations, enriched with jobs metadata. Each row is the result of a single job. This is a view on `dbt_invocations`.",job_run_results,elementary,models\edr\run_results\job_run_results.sql,edr\run_results\job_run_results.sql,elementary://models\run_results.yml,2024-03-08 10:52:44,34b67a7b46ad7259aa50dca4e110d154
model.elementary.test_result_rows,test_result_rows,60f29c6ec225f876c714075d2ffd1b81198268ee2eb2e5138b4c3a8b94604de4,incremental,[],"{""timestamp_column"": ""created_at"", ""prev_timestamp_column"": ""detected_at""}",[],postgres,transformed_elementary,"[""macro.elementary.backfill_result_rows"", ""macro.elementary.empty_table"", ""macro.elementary.get_config_var"", ""macro.elementary.get_default_incremental_strategy"", ""macro.elementary.get_default_table_type""]","[""model.elementary.elementary_test_results""]","",test_result_rows,elementary,models\edr\run_results\test_result_rows.sql,edr\run_results\test_result_rows.sql,,2024-03-08 10:52:44,07f75ccf342623fb9b26dc034bba147a
model.elementary.metadata,metadata,7d06c726499b330d51c340d2dc2774ac95f958fd6824c09711b3881b39b76a84,table,[],{},[],postgres,transformed_elementary,"[""macro.elementary.get_elementary_package_version""]",[],"",metadata,elementary,models\edr\system\metadata.sql,edr\system\metadata.sql,,2024-03-08 10:52:44,c7c5ea7aa078cfd8876f2837a30f68c0
model.elementary.monitors_runs,monitors_runs,3720e206635d4f2f95c193835727b0d533ec1a5fa56e5dec79331418d07e934f,view,[],{},[],postgres,transformed_elementary,[],"[""model.elementary.data_monitoring_metrics""]","This is a view on `data_monitoring_metrics` that is used to determine when a specific anomaly detection test was last executed. Each anomaly detection test queries this view to decide on a start time for collecting metrics.
",monitors_runs,elementary,models\edr\system\monitors_runs.sql,edr\system\monitors_runs.sql,elementary://models\elementary_tests.yml,2024-03-08 10:52:44,d615dd36ed53584dc15073f79842c778
model.view_selection_tool.int_include_monitoring_id,int_include_monitoring_id,41085d89a04472ad7e8c811d35184a583b4d1584a9a86efd51d3167d4263987e,view,[],{},[],postgres,transformed_view_selection_tool,"[""macro.dbt.concat""]","[""model.view_selection_tool.int_only_materialized_models""]","",int_include_monitoring_id,view_selection_tool,models\intermediate\int_include_monitoring_id.sql,intermediate\int_include_monitoring_id.sql,,2024-03-08 10:52:44,7ad33af7d05a915c7401453cc63931d8
model.view_selection_tool.int_join_with_run_results,int_join_with_run_results,86c7a9f70b7c3bbe28f35efdbe76435993d984e34d9359dd0c3633537b21566b,view,[],{},[],postgres,transformed_view_selection_tool,[],"[""model.view_selection_tool.int_keep_models_relevant_package"", ""model.view_selection_tool.stg_dbt_run_results""]","",int_join_with_run_results,view_selection_tool,models\intermediate\int_join_with_run_results.sql,intermediate\int_join_with_run_results.sql,,2024-03-08 10:52:44,8218f4ac76325d99bc84eadd83dc6508
model.view_selection_tool.int_keep_models_relevant_package,int_keep_models_relevant_package,63620082f227c15239969e793f7500d4b1a61f5ea704f5c3a3a4d8b97e721b45,view,[],{},[],postgres,transformed_view_selection_tool,[],"[""model.view_selection_tool.stg_dbt_models""]","",int_keep_models_relevant_package,view_selection_tool,models\intermediate\int_keep_models_relevant_package.sql,intermediate\int_keep_models_relevant_package.sql,,2024-03-08 10:52:44,77a1e8e84eb95666fe73a2a897d3bd42
model.view_selection_tool.int_maintenance_fractions,int_maintenance_fractions,c32081cad461c54ec23a338179482d6060aa0e0fe0f374aa81536e8aceb2245d,view,[],{},[],postgres,transformed_view_selection_tool,[],"[""model.view_selection_tool.int_include_monitoring_id"", ""model.view_selection_tool.stg_data_monitoring_metrics""]","",int_maintenance_fractions,view_selection_tool,models\intermediate\int_maintenance_fractions.sql,intermediate\int_maintenance_fractions.sql,,2024-03-08 10:52:44,d6dedebb822f87bea1bbe07e1256de27
model.view_selection_tool.int_only_materialized_models,int_only_materialized_models,29fc5c0604b2b789a3b6f1cfd08d40af8acaf8016efc7b1f42524dde88effe04,view,[],{},[],postgres,transformed_view_selection_tool,[],"[""model.view_selection_tool.int_join_with_run_results""]","",int_only_materialized_models,view_selection_tool,models\intermediate\int_only_materialized_models.sql,intermediate\int_only_materialized_models.sql,,2024-03-08 10:52:44,8163ed2e3c15a799cb877c80267473c6
model.view_selection_tool.avg_maintenance_fractions,avg_maintenance_fractions,4bc6ca71e96871af6d7a8fdac51b7a406b66ada2f0cb0c7cae35613dc26befe2,table,[],{},[],postgres,transformed_view_selection_tool,[],"[""model.view_selection_tool.int_maintenance_fractions""]","",avg_maintenance_fractions,view_selection_tool,models\marts\avg_maintenance_fractions.sql,marts\avg_maintenance_fractions.sql,,2024-03-08 10:52:44,359d2c97f024ea7456446f4b1ae0ab38
model.view_selection_tool.destination_nodes,destination_nodes,eb556ead5a2b5c5e2382920e6c10d01564b013560ac0af96ccdf84d4a4cc08fb,table,[],{},[],postgres,transformed_view_selection_tool,[],"[""model.view_selection_tool.int_keep_models_relevant_package"", ""model.view_selection_tool.int_referenced_models""]","",destination_nodes,view_selection_tool,models\marts\destination_nodes.sql,marts\destination_nodes.sql,,2024-03-08 10:52:44,8cc8c6046ef7b1d87c1ba630f212eb7b
model.view_selection_tool.model_dependencies,model_dependencies,4df15b2298f6e250cd0321876b6e658d44577ef255868a4f68cfc59af2962c4b,table,[],{},[],postgres,transformed_view_selection_tool,"[""macro.dbt.concat""]","[""model.view_selection_tool.int_keep_models_relevant_package""]","",model_dependencies,view_selection_tool,models\marts\model_dependencies.sql,marts\model_dependencies.sql,,2024-03-08 10:52:44,b722c41a8502ce347711d134865340bf
model.view_selection_tool.stg_data_monitoring_metrics,stg_data_monitoring_metrics,1be951f18b8a6c328e3b677df03362d56614704de754615552b42ee57a7164e1,view,[],{},[],postgres,transformed_view_selection_tool,[],"[""source.view_selection_tool.elementary_src.data_monitoring_metrics""]","",stg_data_monitoring_metrics,view_selection_tool,models\staging\stg_data_monitoring_metrics.sql,staging\stg_data_monitoring_metrics.sql,,2024-03-08 10:52:44,d61af2062353601edd981f19c977497c
model.view_selection_tool.stg_dbt_invocations,stg_dbt_invocations,aa047c53cfd979e3f86cb4193157ab6a954b7b6245e94cadc9fbb641adf8b0f7,view,[],{},[],postgres,transformed_view_selection_tool,[],"[""source.view_selection_tool.elementary_src.dbt_invocations""]","",stg_dbt_invocations,view_selection_tool,models\staging\stg_dbt_invocations.sql,staging\stg_dbt_invocations.sql,,2024-03-08 10:52:44,63a8849f3f54a4c07f4d49dec4f7ef60
model.view_selection_tool.stg_dbt_models,stg_dbt_models,ebca9336c6a6cb8caca162287cc929f7f1c763bb2b389f7dd1965a9344148e9a,view,[],{},[],postgres,transformed_view_selection_tool,[],"[""source.view_selection_tool.elementary_src.dbt_models""]","",stg_dbt_models,view_selection_tool,models\staging\stg_dbt_models.sql,staging\stg_dbt_models.sql,,2024-03-08 10:52:44,0432e213e7bdf1d0e0a6dd7e91149399
model.view_selection_tool.stg_dbt_run_results,stg_dbt_run_results,a6179734aadbbee34f731985d5b9e252c54906d93ba68f1e65666709d6f762be,view,[],{},[],postgres,transformed_view_selection_tool,[],"[""source.view_selection_tool.elementary_src.dbt_run_results""]","",stg_dbt_run_results,view_selection_tool,models\staging\stg_dbt_run_results.sql,staging\stg_dbt_run_results.sql,,2024-03-08 10:52:44,d8926ed08533c36dbf1714d2969cc955
